Corrigin_Eucalyptus_capillosa,Richmond_Eucalyptus_cladocalyx,Richmond_Eucalyptus_dunnii,Richmond_Eucalyptus_saligna,mean,model,variable
0.9864820252927196,0.9893203157789346,0.9890566616961438,0.9715397835299423,0.9840996965744351,obs,Tleaf
0.5200416224547152,0.6229274210673218,0.5615302129012532,0.457582158985786,0.540520353852269,obs,Ci
,0.701213742197958,0.6484219569026305,0.49140638559194305,0.6136806948975105,obs,Pleaf
0.973973664442571,0.9908460509419609,0.9960262730725763,0.9966351698829764,0.9893702895850212,obs,E
0.8829737360072225,0.7025465222859659,0.8734086693256774,0.9621643033027731,0.8552733077304098,obs,A
