Corrigin_Eucalyptus_capillosa,Richmond_Eucalyptus_cladocalyx,Richmond_Eucalyptus_dunnii,Richmond_Eucalyptus_saligna,mean,model,variable
14.756950687825924,161.4728586146009,169.06369187407532,187.7788697288148,133.26809272632926,obs,Tleaf
442.2276795062849,187.3337171343925,292.61215656884644,292.2234690399859,303.59925556237744,obs,Ci
,-93.9071804403848,-134.42962773220552,-98.79887761832474,-109.0452285969717,obs,Pleaf
-788.759182189545,-378.4227026501068,-399.45144647836446,-394.1402725576549,-490.1934009689178,obs,E
196.698419335101,313.6999012404157,289.718398993209,183.72550249144552,245.9605555150428,obs,A
