Corrigin_Eucalyptus_capillosa,Richmond_Eucalyptus_cladocalyx,Richmond_Eucalyptus_dunnii,Richmond_Eucalyptus_saligna,mean,model,variable
1.2151385080880268,1.0299218716699285,0.8771568080770126,1.1354838599690185,1.0644252619509966,obs,Tleaf
0.9619089951844152,1.4825075516268231,1.3693195719902373,0.9799850454244788,1.1984302910564886,obs,Ci
,1.077406374559197,1.1270704585241154,1.1062390338514938,1.1035719556449353,obs,Pleaf
0.4638951663336355,0.3809416183812729,0.28795912652279587,0.2699327285067553,0.35068215993611485,obs,E
0.763798992663321,1.6540040312330615,0.8264291912279438,0.6564566655783596,0.9751722201756714,obs,A
