Corrigin_Eucalyptus_capillosa,Richmond_Eucalyptus_cladocalyx,Richmond_Eucalyptus_dunnii,Richmond_Eucalyptus_saligna,mean,model,variable
0.9798518345756682,0.847330964832529,0.8611001710924097,0.7108993329771591,0.8576573799202969,obs,Tleaf
0.16367285562235412,0.28403754372651524,-0.5229412013683452,-0.4653732856546857,-0.07328064007942814,obs,Ci
,0.16148921253605764,0.2391753986210513,-0.18092122186788018,0.089605226298205,obs,Pleaf
0.9972072632706876,0.9936309355094938,0.9977528458741829,0.9989401647343873,0.9968867013901763,obs,E
0.7819673627719148,0.4208993986858376,0.7008751287281232,0.8756868714982157,0.7152510822637794,obs,A
